-- phpMyAdmin SQL Dump
-- version 5.2.1
-- https://www.phpmyadmin.net/
--
-- Host: 127.0.0.1:3307
-- Generation Time: Nov 23, 2024 at 05:47 PM
-- Server version: 10.4.32-MariaDB
-- PHP Version: 8.2.12

SET SQL_MODE = "NO_AUTO_VALUE_ON_ZERO";
START TRANSACTION;
SET time_zone = "+00:00";


/*!40101 SET @OLD_CHARACTER_SET_CLIENT=@@CHARACTER_SET_CLIENT */;
/*!40101 SET @OLD_CHARACTER_SET_RESULTS=@@CHARACTER_SET_RESULTS */;
/*!40101 SET @OLD_COLLATION_CONNECTION=@@COLLATION_CONNECTION */;
/*!40101 SET NAMES utf8mb4 */;

--
-- Database: `shop_fashion`
--

-- --------------------------------------------------------

--
-- Table structure for table `blogs`
--

CREATE TABLE `blogs` (
  `id` bigint(20) UNSIGNED NOT NULL,
  `user_id` int(10) UNSIGNED NOT NULL,
  `title` varchar(255) NOT NULL,
  `subtitle` varchar(255) DEFAULT NULL,
  `image` varchar(255) NOT NULL,
  `category` varchar(255) NOT NULL,
  `content` text NOT NULL,
  `created_at` timestamp NULL DEFAULT NULL,
  `updated_at` timestamp NULL DEFAULT NULL
) ENGINE=InnoDB DEFAULT CHARSET=utf8mb4 COLLATE=utf8mb4_unicode_ci;

--
-- Dumping data for table `blogs`
--

INSERT INTO `blogs` (`id`, `user_id`, `title`, `subtitle`, `image`, `category`, `content`, `created_at`, `updated_at`) VALUES
(1, 3, 'The Personality Trait That Makes People Happier', NULL, 'blog-1.jpg', 'TRAVEL', '', NULL, NULL),
(2, 3, 'This was one of our first days in Hawaii last week.', NULL, 'blog-2.jpg', 'CodeLeanON', '', NULL, NULL),
(3, 3, 'Last week I had my first work trip of the year to Sonoma Valley', NULL, 'blog-3.jpg', 'TRAVEL', '', NULL, NULL),
(4, 3, 'Happppppy New Year! I know I am a little late on this post', NULL, 'blog-4.jpg', 'CodeLeanON', '', NULL, NULL),
(5, 3, 'Absolue collection. The Lancome team has been one…', NULL, 'blog-5.jpg', 'MODEL', '', NULL, NULL),
(6, 3, 'Writing has always been kind of therapeutic for me', NULL, 'blog-6.jpg', 'CodeLeanON', '', NULL, NULL);

-- --------------------------------------------------------

--
-- Table structure for table `blog_comments`
--

CREATE TABLE `blog_comments` (
  `id` bigint(20) UNSIGNED NOT NULL,
  `blog_id` int(10) UNSIGNED NOT NULL,
  `user_id` int(10) UNSIGNED DEFAULT NULL,
  `email` varchar(255) NOT NULL,
  `name` varchar(255) NOT NULL,
  `messages` varchar(255) NOT NULL,
  `created_at` timestamp NULL DEFAULT NULL,
  `updated_at` timestamp NULL DEFAULT NULL
) ENGINE=InnoDB DEFAULT CHARSET=utf8mb4 COLLATE=utf8mb4_unicode_ci;

-- --------------------------------------------------------

--
-- Table structure for table `brands`
--

CREATE TABLE `brands` (
  `id` bigint(20) UNSIGNED NOT NULL,
  `name` varchar(255) NOT NULL,
  `created_at` timestamp NULL DEFAULT NULL,
  `updated_at` timestamp NULL DEFAULT NULL
) ENGINE=InnoDB DEFAULT CHARSET=utf8mb4 COLLATE=utf8mb4_unicode_ci;

--
-- Dumping data for table `brands`
--

INSERT INTO `brands` (`id`, `name`, `created_at`, `updated_at`) VALUES
(1, 'Calvin Klein', NULL, NULL),
(2, 'Diesel', NULL, NULL),
(3, 'Polo', NULL, NULL),
(4, 'Tommy Hilfiger', NULL, NULL);

-- --------------------------------------------------------

--
-- Table structure for table `failed_jobs`
--

CREATE TABLE `failed_jobs` (
  `id` bigint(20) UNSIGNED NOT NULL,
  `uuid` varchar(255) NOT NULL,
  `connection` text NOT NULL,
  `queue` text NOT NULL,
  `payload` longtext NOT NULL,
  `exception` longtext NOT NULL,
  `failed_at` timestamp NOT NULL DEFAULT current_timestamp()
) ENGINE=InnoDB DEFAULT CHARSET=utf8mb4 COLLATE=utf8mb4_unicode_ci;

-- --------------------------------------------------------

--
-- Table structure for table `migrations`
--

CREATE TABLE `migrations` (
  `id` int(10) UNSIGNED NOT NULL,
  `migration` varchar(255) NOT NULL,
  `batch` int(11) NOT NULL
) ENGINE=InnoDB DEFAULT CHARSET=utf8mb4 COLLATE=utf8mb4_unicode_ci;

--
-- Dumping data for table `migrations`
--

INSERT INTO `migrations` (`id`, `migration`, `batch`) VALUES
(1, '2014_10_12_000000_create_users_table', 1),
(2, '2014_10_12_100000_create_password_resets_table', 1),
(3, '2019_08_19_000000_create_failed_jobs_table', 1),
(4, '2024_11_03_202826_create_sessions_table', 1),
(5, '2024_11_04_085528_create_orders_table', 1),
(6, '2024_11_04_085832_create_order_details_table', 1),
(7, '2024_11_04_085936_create_products_table', 1),
(8, '2024_11_04_090029_create_brands_table', 1),
(9, '2024_11_04_090110_create_product_categories_table', 1),
(10, '2024_11_04_090148_create_product_images_table', 1),
(11, '2024_11_04_090228_create_product_details_table', 1),
(12, '2024_11_04_090308_create_product_comments_table', 1),
(13, '2024_11_04_090355_create_blogs_table', 1),
(14, '2024_11_04_090437_create_blog_comments_table', 1);

-- --------------------------------------------------------

--
-- Table structure for table `orders`
--

CREATE TABLE `orders` (
  `id` bigint(20) UNSIGNED NOT NULL,
  `user_id` varchar(255) DEFAULT NULL,
  `first_name` varchar(255) NOT NULL,
  `last_name` varchar(255) NOT NULL,
  `company_name` varchar(255) DEFAULT NULL,
  `country` varchar(255) NOT NULL,
  `street_address` varchar(255) NOT NULL,
  `postcode_zip` varchar(255) NOT NULL,
  `town_city` varchar(255) NOT NULL,
  `email` varchar(255) NOT NULL,
  `phone` varchar(255) NOT NULL,
  `payment_type` varchar(255) NOT NULL,
  `status` varchar(255) NOT NULL,
  `created_at` timestamp NULL DEFAULT NULL,
  `updated_at` timestamp NULL DEFAULT NULL
) ENGINE=InnoDB DEFAULT CHARSET=utf8mb4 COLLATE=utf8mb4_unicode_ci;

--
-- Dumping data for table `orders`
--

INSERT INTO `orders` (`id`, `user_id`, `first_name`, `last_name`, `company_name`, `country`, `street_address`, `postcode_zip`, `town_city`, `email`, `phone`, `payment_type`, `status`, `created_at`, `updated_at`) VALUES
(1, '1', 'khanhDoan', 'mysucutee', 'MYSUVIPPRO', 'KOREA', '123 duong japan', '1234', 'Ha noi', 'khanhbodi147@gmail.com', '0775593418', 'pay_later', '1', '2024-11-23 02:04:00', '2024-11-23 02:04:00'),
(2, '1', 'khanhDoan', 'mysucutee', 'MYSUVIPPRO', 'KOREA', '123 duong japan', '1234', 'Ha noi', 'khanhbodi147@gmail.com', '0775593418', 'pay_later', '1', '2024-11-23 03:54:18', '2024-11-23 03:54:18'),
(3, '1', 'khanhDoan', 'Khanh', 'as', 'Vietnam', 'âsadasda', '123ab', 'danang', 'khanhbodi147@gmail.com', '02341241411', 'online_payment', '4', '2024-11-23 04:38:56', '2024-11-23 04:39:12'),
(4, '1', 'khanhDoan', 'Khanh', 'as', 'Vietnam', 'âsadasda', '123ab', 'danang', 'khanhbodi147@gmail.com', '02341241411', 'pay_later', '1', '2024-11-23 05:40:08', '2024-11-23 05:40:08');

-- --------------------------------------------------------

--
-- Table structure for table `order_details`
--

CREATE TABLE `order_details` (
  `id` bigint(20) UNSIGNED NOT NULL,
  `order_id` int(10) UNSIGNED NOT NULL,
  `product_id` int(10) UNSIGNED NOT NULL,
  `qty` int(11) NOT NULL,
  `amount` double NOT NULL,
  `total` double NOT NULL,
  `created_at` timestamp NULL DEFAULT NULL,
  `updated_at` timestamp NULL DEFAULT NULL
) ENGINE=InnoDB DEFAULT CHARSET=utf8mb4 COLLATE=utf8mb4_unicode_ci;

--
-- Dumping data for table `order_details`
--

INSERT INTO `order_details` (`id`, `order_id`, `product_id`, `qty`, `amount`, `total`, `created_at`, `updated_at`) VALUES
(1, 1, 1, 1, 495, 495, '2024-11-23 02:04:00', '2024-11-23 02:04:00'),
(2, 1, 3, 1, 34, 34, '2024-11-23 02:04:00', '2024-11-23 02:04:00'),
(3, 2, 1, 1, 495, 495, '2024-11-23 03:54:18', '2024-11-23 03:54:18'),
(4, 3, 2, 1, 13, 13, '2024-11-23 04:38:56', '2024-11-23 04:38:56'),
(5, 4, 1, 6, 495, 2970, '2024-11-23 05:40:08', '2024-11-23 05:40:08');

-- --------------------------------------------------------

--
-- Table structure for table `password_resets`
--

CREATE TABLE `password_resets` (
  `email` varchar(255) NOT NULL,
  `token` varchar(255) NOT NULL,
  `created_at` timestamp NULL DEFAULT NULL
) ENGINE=InnoDB DEFAULT CHARSET=utf8mb4 COLLATE=utf8mb4_unicode_ci;

-- --------------------------------------------------------

--
-- Table structure for table `products`
--

CREATE TABLE `products` (
  `id` bigint(20) UNSIGNED NOT NULL,
  `brand_id` int(10) UNSIGNED NOT NULL,
  `product_category_id` int(10) UNSIGNED NOT NULL,
  `name` varchar(255) NOT NULL,
  `description` text DEFAULT NULL,
  `content` text DEFAULT NULL,
  `price` double NOT NULL,
  `qty` int(11) NOT NULL,
  `discount` double DEFAULT NULL,
  `weight` double DEFAULT NULL,
  `sku` varchar(255) DEFAULT NULL,
  `featured` tinyint(1) NOT NULL,
  `tag` varchar(255) DEFAULT NULL,
  `created_at` timestamp NULL DEFAULT NULL,
  `updated_at` timestamp NULL DEFAULT NULL
) ENGINE=InnoDB DEFAULT CHARSET=utf8mb4 COLLATE=utf8mb4_unicode_ci;

--
-- Dumping data for table `products`
--

INSERT INTO `products` (`id`, `brand_id`, `product_category_id`, `name`, `description`, `content`, `price`, `qty`, `discount`, `weight`, `sku`, `featured`, `tag`, `created_at`, `updated_at`) VALUES
(1, 1, 2, 'Pure Pineapple', 'Lorem ipsum dolor sit amet, consectetur ing elit, sed do eiusmod tempor sum dolor sit amet, consectetur adipisicing elit, sed do mod tempor', '', 629.99, 20, 495, 1.3, '00012', 1, 'Clothing', NULL, NULL),
(2, 2, 2, 'Guangzhou sweater', NULL, NULL, 35, 20, 13, NULL, NULL, 1, 'Clothing', NULL, NULL),
(3, 3, 2, 'Guangzhou sweater', NULL, NULL, 35, 20, 34, NULL, NULL, 1, 'Clothing', NULL, NULL),
(4, 4, 1, 'Microfiber Wool Scarf', NULL, NULL, 64, 20, 35, NULL, NULL, 1, 'Accessories', NULL, NULL),
(5, 1, 3, 'Men\'s Painted Hat', NULL, NULL, 44, 20, 35, NULL, NULL, 0, 'Accessories', NULL, NULL),
(6, 1, 2, 'Converse Shoes', NULL, NULL, 35, 20, 34, NULL, NULL, 1, 'Clothing', NULL, NULL),
(7, 1, 1, 'Pure Pineapple', NULL, NULL, 64, 20, 35, NULL, NULL, 1, 'HandBag', NULL, NULL),
(8, 1, 1, '2 Layer Windbreaker', NULL, NULL, 44, 20, 35, NULL, NULL, 1, 'Clothing', NULL, NULL),
(9, 1, 1, 'Converse Shoes', NULL, NULL, 35, 20, 34, NULL, NULL, 1, 'Shoes', NULL, NULL);

-- --------------------------------------------------------

--
-- Table structure for table `product_categories`
--

CREATE TABLE `product_categories` (
  `id` bigint(20) UNSIGNED NOT NULL,
  `name` varchar(255) NOT NULL,
  `created_at` timestamp NULL DEFAULT NULL,
  `updated_at` timestamp NULL DEFAULT NULL
) ENGINE=InnoDB DEFAULT CHARSET=utf8mb4 COLLATE=utf8mb4_unicode_ci;

--
-- Dumping data for table `product_categories`
--

INSERT INTO `product_categories` (`id`, `name`, `created_at`, `updated_at`) VALUES
(1, 'Men', NULL, NULL),
(2, 'Women', NULL, NULL),
(3, 'Kids', NULL, NULL);

-- --------------------------------------------------------

--
-- Table structure for table `product_comments`
--

CREATE TABLE `product_comments` (
  `id` bigint(20) UNSIGNED NOT NULL,
  `product_id` int(10) UNSIGNED NOT NULL,
  `user_id` int(10) UNSIGNED DEFAULT NULL,
  `email` varchar(255) NOT NULL,
  `name` varchar(255) NOT NULL,
  `messages` varchar(255) NOT NULL,
  `rating` int(10) UNSIGNED NOT NULL,
  `created_at` timestamp NULL DEFAULT NULL,
  `updated_at` timestamp NULL DEFAULT NULL
) ENGINE=InnoDB DEFAULT CHARSET=utf8mb4 COLLATE=utf8mb4_unicode_ci;

--
-- Dumping data for table `product_comments`
--

INSERT INTO `product_comments` (`id`, `product_id`, `user_id`, `email`, `name`, `messages`, `rating`, `created_at`, `updated_at`) VALUES
(1, 1, 4, 'BrandonKelley@gmail.com', 'Brandon Kelley', 'Nice !', 4, NULL, NULL),
(2, 1, 5, 'RoyBanks@gmail.com', 'Roy Banks', 'Nice !', 4, NULL, NULL);

-- --------------------------------------------------------

--
-- Table structure for table `product_details`
--

CREATE TABLE `product_details` (
  `id` bigint(20) UNSIGNED NOT NULL,
  `product_id` int(10) UNSIGNED NOT NULL,
  `color` varchar(255) NOT NULL,
  `size` varchar(255) NOT NULL,
  `qty` int(11) NOT NULL,
  `created_at` timestamp NULL DEFAULT NULL,
  `updated_at` timestamp NULL DEFAULT NULL
) ENGINE=InnoDB DEFAULT CHARSET=utf8mb4 COLLATE=utf8mb4_unicode_ci;

--
-- Dumping data for table `product_details`
--

INSERT INTO `product_details` (`id`, `product_id`, `color`, `size`, `qty`, `created_at`, `updated_at`) VALUES
(1, 1, 'blue', 'S', 5, NULL, NULL),
(2, 1, 'blue', 'M', 5, NULL, NULL),
(3, 1, 'blue', 'L', 5, NULL, NULL),
(4, 1, 'blue', 'XS', 5, NULL, NULL),
(5, 1, 'yellow', 'S', 0, NULL, NULL),
(6, 1, 'violet', 'S', 0, NULL, NULL);

-- --------------------------------------------------------

--
-- Table structure for table `product_images`
--

CREATE TABLE `product_images` (
  `id` bigint(20) UNSIGNED NOT NULL,
  `product_id` int(10) UNSIGNED NOT NULL,
  `path` varchar(255) NOT NULL,
  `created_at` timestamp NULL DEFAULT NULL,
  `updated_at` timestamp NULL DEFAULT NULL
) ENGINE=InnoDB DEFAULT CHARSET=utf8mb4 COLLATE=utf8mb4_unicode_ci;

--
-- Dumping data for table `product_images`
--

INSERT INTO `product_images` (`id`, `product_id`, `path`, `created_at`, `updated_at`) VALUES
(1, 1, 'product-1.jpg', NULL, NULL),
(2, 1, 'product-2.jpg', NULL, NULL),
(3, 1, 'product-2.jpg', NULL, NULL),
(4, 2, 'product-2.jpg', NULL, NULL),
(5, 3, 'product-3.jpg', NULL, NULL),
(6, 4, 'product-4.jpg', NULL, NULL),
(7, 5, 'product-5.jpg', NULL, NULL),
(8, 6, 'product-6.jpg', NULL, NULL),
(9, 7, 'product-7.jpg', NULL, NULL),
(10, 8, 'product-8.jpg', NULL, NULL),
(11, 9, 'product-9.jpg', NULL, NULL);

-- --------------------------------------------------------

--
-- Table structure for table `sessions`
--

CREATE TABLE `sessions` (
  `id` varchar(255) NOT NULL,
  `user_id` bigint(20) UNSIGNED DEFAULT NULL,
  `ip_address` varchar(45) DEFAULT NULL,
  `user_agent` text DEFAULT NULL,
  `payload` longtext NOT NULL,
  `last_activity` int(11) NOT NULL
) ENGINE=InnoDB DEFAULT CHARSET=utf8mb4 COLLATE=utf8mb4_unicode_ci;

--
-- Dumping data for table `sessions`
--

INSERT INTO `sessions` (`id`, `user_id`, `ip_address`, `user_agent`, `payload`, `last_activity`) VALUES
('fu0iDpyU6e5NPiJIt0vwavM6lQMxd10IRDWb7hWd', NULL, '127.0.0.1', 'Mozilla/5.0 (Windows NT 10.0; Win64; x64) AppleWebKit/537.36 (KHTML, like Gecko) Chrome/131.0.0.0 Safari/537.36 Edg/131.0.0.0', 'YTozOntzOjY6Il90b2tlbiI7czo0MDoiTUEyNDdJSFhqY1hERElwMjRwdlRkdGJFVEliQ1JjQnUyS2tLeXQyMyI7czo5OiJfcHJldmlvdXMiO2E6MTp7czozOiJ1cmwiO3M6MjY6Imh0dHA6Ly8xMjcuMC4wLjE6ODAwMC9zaG9wIjt9czo2OiJfZmxhc2giO2E6Mjp7czozOiJvbGQiO2E6MDp7fXM6MzoibmV3IjthOjA6e319fQ==', 1732380363),
('oQ4WPTgcJry1D68jm4zZHPvBD8deDFGcBXkEb0h2', NULL, '127.0.0.1', 'Mozilla/5.0 (Windows NT 10.0; Win64; x64) AppleWebKit/537.36 (KHTML, like Gecko) Chrome/131.0.0.0 Safari/537.36 Edg/131.0.0.0', 'YTo0OntzOjY6Il90b2tlbiI7czo0MDoiVDZ2MVF5M2NTdGszZHJjU3JpOXcyb1hXNkI3bkw2VWdhMU5TemwxdSI7czo5OiJfcHJldmlvdXMiO2E6MTp7czozOiJ1cmwiO3M6Mzg6Imh0dHA6Ly8xMjcuMC4wLjE6ODAwMC9hY2NvdW50L215LW9yZGVyIjt9czo2OiJfZmxhc2giO2E6Mjp7czozOiJvbGQiO2E6MDp7fXM6MzoibmV3IjthOjA6e319czo0OiJjYXJ0IjthOjA6e319', 1732341605);

-- --------------------------------------------------------

--
-- Table structure for table `users`
--

CREATE TABLE `users` (
  `id` bigint(20) UNSIGNED NOT NULL,
  `name` varchar(255) NOT NULL,
  `email` varchar(255) NOT NULL,
  `email_verified_at` timestamp NULL DEFAULT NULL,
  `password` varchar(255) NOT NULL,
  `remember_token` varchar(100) DEFAULT NULL,
  `avatar` varchar(255) DEFAULT NULL,
  `level` tinyint(4) NOT NULL,
  `description` text DEFAULT NULL,
  `company_name` varchar(255) DEFAULT NULL,
  `country` varchar(255) DEFAULT NULL,
  `street_address` varchar(255) DEFAULT NULL,
  `postcode_zip` varchar(255) DEFAULT NULL,
  `town_city` varchar(255) DEFAULT NULL,
  `phone` varchar(255) DEFAULT NULL,
  `created_at` timestamp NULL DEFAULT NULL,
  `updated_at` timestamp NULL DEFAULT NULL
) ENGINE=InnoDB DEFAULT CHARSET=utf8mb4 COLLATE=utf8mb4_unicode_ci;

--
-- Dumping data for table `users`
--

INSERT INTO `users` (`id`, `name`, `email`, `email_verified_at`, `password`, `remember_token`, `avatar`, `level`, `description`, `company_name`, `country`, `street_address`, `postcode_zip`, `town_city`, `phone`, `created_at`, `updated_at`) VALUES
(1, 'khanhDoan', 'khanhdoan@gmail.com', NULL, '$2y$12$2Pd0w0HZdI6PVdHYemtNleVEG8N9ygoGN5NIa4ys0zYjRUhkjwV7S', NULL, NULL, 2, NULL, 'Haha Soft Ware', 'Viet Nam', 'Hoa Xuan, Da Nang', '1000', 'Ha Noi', '01234123412121', NULL, NULL),
(2, 'admin', 'admin@gmail.com', NULL, '$2y$12$A3aUogu/6U1nlBwdmiDo9uuX8K/LYncEiQ1HUfAOKWbYgSTw6UENm', NULL, NULL, 0, NULL, NULL, NULL, NULL, NULL, NULL, NULL, NULL, NULL),
(3, 'Iron Man', 'IronMan@gmail.com', NULL, '$2y$12$bwC4fDRyq8OMIRoPC78My.wDVhF37toaxh1S6cKe5n7IWbFg6T.am', NULL, 'avatar-0.png', 1, 'Aliquip ex ea commodo consequat. Duis aute irure dolor in reprehenderit in voluptate velit esse cillum bore et dolore magna aliqua. Ut enim ad minim veniam, quis nostrud amodo', NULL, NULL, NULL, NULL, NULL, NULL, NULL, NULL),
(4, 'Super Man', 'SuperMan@gmail.com', NULL, '$2y$12$bZJG.4eFaruT35ScqIqdyOd/1yD4XCLvEAY9IWDl0g8m/aUx.hjDq', NULL, 'avatar-1.png', 1, NULL, NULL, NULL, NULL, NULL, NULL, NULL, NULL, NULL),
(5, 'Khanh Banks', 'KhanhBanks@gmail.com', NULL, '$2y$12$MHGHrGl.zIsRY5RMxZVQmuixsoDqxV5Zi8tYgZ12mMVDqJ0PFQFqa', NULL, 'avatar-2.png', 1, NULL, NULL, NULL, NULL, NULL, NULL, NULL, NULL, NULL);

--
-- Indexes for dumped tables
--

--
-- Indexes for table `blogs`
--
ALTER TABLE `blogs`
  ADD PRIMARY KEY (`id`);

--
-- Indexes for table `blog_comments`
--
ALTER TABLE `blog_comments`
  ADD PRIMARY KEY (`id`);

--
-- Indexes for table `brands`
--
ALTER TABLE `brands`
  ADD PRIMARY KEY (`id`);

--
-- Indexes for table `failed_jobs`
--
ALTER TABLE `failed_jobs`
  ADD PRIMARY KEY (`id`),
  ADD UNIQUE KEY `failed_jobs_uuid_unique` (`uuid`);

--
-- Indexes for table `migrations`
--
ALTER TABLE `migrations`
  ADD PRIMARY KEY (`id`);

--
-- Indexes for table `orders`
--
ALTER TABLE `orders`
  ADD PRIMARY KEY (`id`);

--
-- Indexes for table `order_details`
--
ALTER TABLE `order_details`
  ADD PRIMARY KEY (`id`);

--
-- Indexes for table `password_resets`
--
ALTER TABLE `password_resets`
  ADD KEY `password_resets_email_index` (`email`);

--
-- Indexes for table `products`
--
ALTER TABLE `products`
  ADD PRIMARY KEY (`id`);

--
-- Indexes for table `product_categories`
--
ALTER TABLE `product_categories`
  ADD PRIMARY KEY (`id`);

--
-- Indexes for table `product_comments`
--
ALTER TABLE `product_comments`
  ADD PRIMARY KEY (`id`);

--
-- Indexes for table `product_details`
--
ALTER TABLE `product_details`
  ADD PRIMARY KEY (`id`);

--
-- Indexes for table `product_images`
--
ALTER TABLE `product_images`
  ADD PRIMARY KEY (`id`);

--
-- Indexes for table `sessions`
--
ALTER TABLE `sessions`
  ADD PRIMARY KEY (`id`),
  ADD KEY `sessions_user_id_index` (`user_id`),
  ADD KEY `sessions_last_activity_index` (`last_activity`);

--
-- Indexes for table `users`
--
ALTER TABLE `users`
  ADD PRIMARY KEY (`id`),
  ADD UNIQUE KEY `users_email_unique` (`email`);

--
-- AUTO_INCREMENT for dumped tables
--

--
-- AUTO_INCREMENT for table `blogs`
--
ALTER TABLE `blogs`
  MODIFY `id` bigint(20) UNSIGNED NOT NULL AUTO_INCREMENT, AUTO_INCREMENT=7;

--
-- AUTO_INCREMENT for table `blog_comments`
--
ALTER TABLE `blog_comments`
  MODIFY `id` bigint(20) UNSIGNED NOT NULL AUTO_INCREMENT;

--
-- AUTO_INCREMENT for table `brands`
--
ALTER TABLE `brands`
  MODIFY `id` bigint(20) UNSIGNED NOT NULL AUTO_INCREMENT, AUTO_INCREMENT=5;

--
-- AUTO_INCREMENT for table `failed_jobs`
--
ALTER TABLE `failed_jobs`
  MODIFY `id` bigint(20) UNSIGNED NOT NULL AUTO_INCREMENT;

--
-- AUTO_INCREMENT for table `migrations`
--
ALTER TABLE `migrations`
  MODIFY `id` int(10) UNSIGNED NOT NULL AUTO_INCREMENT, AUTO_INCREMENT=15;

--
-- AUTO_INCREMENT for table `orders`
--
ALTER TABLE `orders`
  MODIFY `id` bigint(20) UNSIGNED NOT NULL AUTO_INCREMENT, AUTO_INCREMENT=5;

--
-- AUTO_INCREMENT for table `order_details`
--
ALTER TABLE `order_details`
  MODIFY `id` bigint(20) UNSIGNED NOT NULL AUTO_INCREMENT, AUTO_INCREMENT=6;

--
-- AUTO_INCREMENT for table `products`
--
ALTER TABLE `products`
  MODIFY `id` bigint(20) UNSIGNED NOT NULL AUTO_INCREMENT, AUTO_INCREMENT=10;

--
-- AUTO_INCREMENT for table `product_categories`
--
ALTER TABLE `product_categories`
  MODIFY `id` bigint(20) UNSIGNED NOT NULL AUTO_INCREMENT, AUTO_INCREMENT=4;

--
-- AUTO_INCREMENT for table `product_comments`
--
ALTER TABLE `product_comments`
  MODIFY `id` bigint(20) UNSIGNED NOT NULL AUTO_INCREMENT, AUTO_INCREMENT=3;

--
-- AUTO_INCREMENT for table `product_details`
--
ALTER TABLE `product_details`
  MODIFY `id` bigint(20) UNSIGNED NOT NULL AUTO_INCREMENT, AUTO_INCREMENT=7;

--
-- AUTO_INCREMENT for table `product_images`
--
ALTER TABLE `product_images`
  MODIFY `id` bigint(20) UNSIGNED NOT NULL AUTO_INCREMENT, AUTO_INCREMENT=12;

--
-- AUTO_INCREMENT for table `users`
--
ALTER TABLE `users`
  MODIFY `id` bigint(20) UNSIGNED NOT NULL AUTO_INCREMENT, AUTO_INCREMENT=6;
COMMIT;

/*!40101 SET CHARACTER_SET_CLIENT=@OLD_CHARACTER_SET_CLIENT */;
/*!40101 SET CHARACTER_SET_RESULTS=@OLD_CHARACTER_SET_RESULTS */;
/*!40101 SET COLLATION_CONNECTION=@OLD_COLLATION_CONNECTION */;
